ParentId,Score
469,4.75
502,12.0
535,12.833333333333334
594,15.333333333333334
683,6.857142857142857
742,6.571428571428571
766,7.5
773,156.66666666666666
972,118.2
1476,64.75
1734,7.0
1829,4.0
1854,117.4
1983,9.428571428571429
2311,5.333333333333333
2933,31.875
3061,535.0
3976,2.0
4942,4.333333333333333
5102,8.333333333333334
5136,2.3333333333333335
5313,3.125
5415,22.5
5419,11.5
5909,11.25
5966,1.6
8154,4.0
8692,47.25
8948,17.0
10123,4.166666666666667
11060,2.4
12591,0.5
12592,45.0
13396,2.0
13454,2.0
13791,2.0
13857,18.0
13941,20.0
14281,2.0
14389,6.0
15798,17.5
16067,4.2
16861,10.5
17250,0.0
17893,33.0
19030,1.0
19151,232.0
19339,207.0
19654,2.625
20063,20.0
20794,7.0
20927,3.0
21454,35.666666666666664
21934,12.857142857142858
21961,2.25
22059,3.5
22149,10.0
22617,35.333333333333336
22676,293.0
23397,3.5
23907,13.0
24193,1.6
24931,3.25
25116,13.5
25661,1.6666666666666667
25807,13.25
26595,51.5
26706,1.0
27567,3.0
28165,2.6666666666666665
28369,1.0
28559,4.0
28668,3.3333333333333335
28796,12.5
28961,2.0
29243,6.333333333333333
29562,5.333333333333333
29856,0.6
31340,25.0
32044,12.0
32385,0.6666666666666666
32404,94.0
32899,61.5
33475,1.0
33534,9.0
33978,35.0
34020,10.833333333333334
34079,21.333333333333332
34209,2.6666666666666665
34243,2.0
34328,4.0
34439,74.25
34916,4.0
35538,6.5
35569,8.0
35634,7.0
35753,7.75
35805,24.5
35817,23.5
35948,13.0
35988,69.8
36139,82.0
36324,12.0
36806,5.0
36812,2.0
36901,304.75
36932,94.1
36953,8.833333333333334
37142,2.0
37479,0.6666666666666666
37486,9.142857142857142
37535,9.25
38238,55.25
38435,1.5
38508,31.2
38601,53.5
38987,326.14285714285717
39086,71.0
39104,9.0
39663,7.0
39847,0.75
39929,8.0
39960,3.3333333333333335
40586,9.0
40705,3.5
41547,13.25
41562,2.0
41701,4.428571428571429
41969,2.3333333333333335
42034,7.375
42482,3.0
42581,75.0
42950,159.25
43099,5.0
43290,14.666666666666666
43315,22.25
43368,2.2
43580,29.0
43709,6.571428571428571
43775,4.3
44084,14.666666666666666
44352,8.25
44778,50.625
44834,241.33333333333334
45013,8.0
45122,71.0
45228,10.0
45500,3.0
45507,4.666666666666667
45540,1.0
45954,3.5
47198,3.0
47207,5.666666666666667
47253,20.0
47701,5.333333333333333
47789,70.6
47801,1.0
47953,6.5
48123,5.777777777777778
48176,1.0
48458,29.0
48562,2.5
48777,4.0
49137,12.25
49164,6.0
49307,3.8333333333333335
49455,0.6666666666666666
49824,12.8
49926,6.0
50394,1.25
50499,38.8
50568,12.0
50923,10.0
51010,2.7142857142857144
51212,8.25
51233,28.25
51412,11.666666666666666
51502,9.166666666666666
51520,156.33333333333334
51553,3.2
51658,-0.3333333333333333
53027,7.0
53162,136.16666666666666
53225,15.0
53513,514.1666666666666
53543,4.5
53786,0.5
53997,3.25
54867,116.33333333333333
55180,5.142857142857143
55365,2.6666666666666665
55391,9.666666666666666
56229,9.0
56417,12.5
56820,20.333333333333332
57708,21.5
58119,7.5
58294,4.0
58622,26.75
58711,2.7333333333333334
59648,1.4
59825,50.8
60152,1.8333333333333333
60208,165.0
60352,5.5
60446,6.333333333333333
60649,8.454545454545455
60680,12.333333333333334
60685,4.0
60805,26.333333333333332
60848,9.75
61151,16.545454545454547
61517,75.25
61605,14.11111111111111
61781,1.5
61894,2.5
62079,2.0
63086,4.36
63488,1.3333333333333333
63681,0.6666666666666666
64141,1.6666666666666667
64185,2.0
64237,8.8
64362,1.0
64426,2.727272727272727
64505,21.2
65076,14.666666666666666
65266,1.8571428571428572
65400,6.0
66636,2.0
66730,5.333333333333333
67180,1.0
67223,1.0
67454,11.0
67631,100.875
68282,30.4
68327,6.5
68335,25.8
68477,16.0
68541,1.0
68630,50.4
68645,244.16666666666666
68774,25.666666666666668
69645,9.0
69979,0.8333333333333334
70528,84.28571428571429
70653,3.0
70681,2.0
70797,103.0
71151,6.375
71817,1.4
72393,5.6
72422,3.8
72852,48.4
72899,180.28571428571428
72945,3.6666666666666665
73439,0.5
73663,195.0
73781,25.5
74092,5.25
74430,5.125
75440,17.0
75621,1.6666666666666667
75798,3.857142857142857
75829,3.0
76096,3.3333333333333335
77086,12.88888888888889
77198,2.25
77552,22.285714285714285
77731,5.5
77936,3.5714285714285716
78238,4.166666666666667
78431,2.75
78450,1.0
78799,18.6
78900,4.0
79454,0.6666666666666666
79602,2.5
79754,6.5
79797,69.33333333333333
79850,5.666666666666667
79968,49.42857142857143
80215,1.0
80347,1.3333333333333333
80617,31.5
80993,1.6666666666666667
81191,2.0
81451,12.4
82180,1.5
82607,0.3333333333333333
82653,6.2
82831,712.3333333333334
83756,2.5
83983,10.0
85119,4.25
85451,20.11111111111111
85577,1.7777777777777777
85985,1.5
86134,4.5
87317,3.5
87522,2.0
88194,2.0
88259,22.833333333333332
88325,7.333333333333333
88554,2.3333333333333335
88613,13.7
89228,487.55555555555554
89909,15.625
90052,5.142857142857143
90775,1.75
91183,4.0
91205,5.666666666666667
91666,1.0
91810,11.25
91821,2.2
92230,3.2
92373,1.0
92438,20.4
92533,2.2
92565,5.5
92620,0.3333333333333333
92928,68.5
93710,1.1666666666666667
94153,10.333333333333334
94334,3.2
94490,4.5
94935,72.81818181818181
94952,2.6666666666666665
95642,4.0
95950,0.6666666666666666
96508,4.0
97513,5.0
98135,19.333333333333332
98687,14.666666666666666
100003,383.5
100210,66.4
100298,14.0
100624,6.5
100732,23.77777777777778
101061,7.0
101128,25.0
101174,10.0
101301,1.0
101742,17.75
101754,32.333333333333336
102394,2.75
102535,36.9
103844,4.625
104420,108.16666666666667
104983,20.333333333333332
105095,12.625
105702,6.0
106630,5.5
106725,8.8
106766,4.8
106850,1.8
107405,45.0
107616,2.6666666666666665
107675,5.5
107705,57.333333333333336
108009,2.0
108134,1.5
108193,14.333333333333334
108523,3.0
108586,5.0
108822,6.4
108848,6.25
108892,4.8
109087,25.285714285714285
109705,3.0
110378,52.5
110498,15.666666666666666
110760,2.0
110774,3.3333333333333335
110803,10.0
110923,15.333333333333334
111155,51.0
111234,34.875
111934,11.0
111945,37.166666666666664
111954,37.5
111983,40.0
112263,1.0
112483,0.5
112532,2.857142857142857
112564,3.0
112698,37.333333333333336
112768,1.5
112970,30.166666666666668
113007,12.0
113170,2.0
113185,2.0
113341,2.4
113534,15.0
113655,32.75
114112,1.4
114214,72.14285714285714
114283,1.0
114597,6.0
114830,42.75
115316,5.5
115744,1.0
115764,3.8
115773,21.0
115866,9.333333333333334
115974,6.25
115977,7.0
116139,6.375
116494,1.5
116657,7.0
116894,0.0
117014,13.5
117127,1.0
117167,10.0
117211,3.0
117250,14.25
117477,5.0
117514,22.5
117732,3.6666666666666665
117986,2.0
118096,10.666666666666666
118138,1.6666666666666667
118143,3.0
118221,0.5
118260,30.5
118370,98.33333333333333
118458,3.3333333333333335
118467,0.0
118516,5.6
118540,0.3333333333333333
118591,2.5
118643,13.625
118654,6.0
118813,15.6
119167,39.0
119198,4.0
119404,10.0
119562,31.88888888888889
119651,1.4
119684,5.0
119802,2.8
119941,1.75
120061,17.6
120250,8.2
120584,4.4
120656,203.8
120657,1.6
120926,15.4
120951,29.0
121396,33.666666666666664
121439,8.666666666666666
122033,2.0
122277,8.666666666666666
122327,67.75
122524,1.0
122763,4.5
123198,223.16666666666666
123499,13.0
123958,10.0
124108,1.5
124171,5.333333333333333
124692,23.0
125034,2.4
125102,1.3333333333333333
125222,7.6
125703,54.0
126131,3.5
126356,2.0
126364,1.5
126524,108.66666666666667
126738,0.5
126787,1.5
127055,4.833333333333333
127454,2.2857142857142856
127606,6.333333333333333
127736,1.0
127803,45.75
128259,0.5
128466,2.4
128478,24.727272727272727
128573,3.4
128689,0.0
128815,2.0
128933,1.5
129144,11.833333333333334
129507,68.0
129912,2.0
130074,10.0
130262,7.857142857142857
130587,1.0
130618,21.6
130763,14.0
131327,1.0
131449,5.333333333333333
132058,50.55555555555556
132411,2.0
132488,1.1428571428571428
132988,81.83333333333333
133774,1.0
133860,1.0
133886,3.5
134387,1.0
134626,15.571428571428571
134629,0.75
134934,156.5
135035,30.333333333333332
135041,76.85714285714286
135246,1.6
135303,3.7142857142857144
135664,7.833333333333333
135834,16.0
136069,4.857142857142857
136097,197.0
136168,31.666666666666668
136207,1.0
136734,5.25
136739,1.2222222222222223
136789,2.8
137580,8.0
138029,1.6666666666666667
138045,3.25
138250,27.0
138353,0.3333333333333333
138502,3.6666666666666665
138521,10.875
138552,2.888888888888889
138680,12.0
138851,8.0
139005,1.0
139180,89.4
139212,0.5
139819,5.666666666666667
140026,0.75
140182,2.0
140295,1.0
140439,15.5
140758,5.857142857142857
141291,29.142857142857142
141351,1.75
141432,5.0
141449,29.0
141487,13.5
141545,48.833333333333336
141642,10.4
141647,0.25
141802,1.6666666666666667
141973,7.0
142545,40.2
142764,5.75
142812,7.0
142844,46.0
143515,1.6666666666666667
143632,4.0
144201,4.2
144218,1.5
144448,8.0
145155,2.0
145270,67.14285714285714
145607,13.25
146522,4.5
146607,1.8
146789,5.0
147437,2.0
147507,8.0
147627,2.0
147650,10.0
147713,8.571428571428571
147741,15.285714285714286
147752,66.0
147816,21.666666666666668
148042,4.833333333333333
148853,6.25
148963,2.888888888888889
149040,0.6
149307,3.5
149559,0.75
149585,2.6666666666666665
150284,10.0
150375,26.0
150517,3.0
150532,6.0
150705,2.5
151199,94.0
151846,7.0
151929,4.5
152068,4.0
152218,3.0
152344,3.0
152580,175.2
153221,3.0
153227,1.5
153584,19.4
153773,2.0
153956,2.2857142857142856
154443,41.833333333333336
154504,9.0
154592,12.333333333333334
155029,1.0
155822,2.0
156230,12.5
156330,16.0
156360,5.333333333333333
156504,4.5
156873,5.25
156951,5.0
157018,14.0
157039,2.0833333333333335
157116,1.0
157313,1.6666666666666667
157359,4.5
157424,4.0
157662,3.0
157938,16.0
158268,5.2
158546,3.0
159137,20.0
159541,2.5
159720,75.25
159802,0.5
159990,5.5
160009,1.0
160245,3.0
160298,1.6
160834,0.6
160859,6.333333333333333
160889,3.375
160905,0.6666666666666666
161367,2.0
161755,1.25
162656,4.0
162798,3.0
162808,6.0
163009,8.142857142857142
163542,57.25
163603,5.0
163823,54.4
163881,2.75
164137,3.75
164427,4.571428571428571
164460,3.0
164901,14.666666666666666
165495,9.333333333333334
165883,11.285714285714286
166044,10.2
166198,4.75
166334,0.25
166364,0.5
166431,14.5
166506,106.4
166545,10.0
166944,34.666666666666664
167120,4.25
167426,0.3333333333333333
167439,2.0
167923,1.0
168022,3.3333333333333335
168113,5.0
168167,5.0
168273,0.6666666666666666
168409,20.666666666666668
168559,17.333333333333332
168727,6.5
169070,15.333333333333334
169362,6.333333333333333
169810,10.0
169897,10.0
170278,3.5
170337,20.0
170353,1.6666666666666667
171267,9.2
171277,2.5
171512,3.5
171662,3.25
171694,2.0
171765,28.666666666666668
172040,4.714285714285714
172066,1.7142857142857142
172306,24.0
172392,3.5714285714285716
172439,162.5
172720,9.933333333333334
173246,7.0
173278,45.0
173290,15.4
173484,3.5
173687,24.0
173905,5.0
174170,2.75
174853,4.25
174890,8.6
175240,11.2
175544,1.0
176011,45.714285714285715
176179,2.5
176213,1.9166666666666667
176918,1236.0
176955,1.0
177284,1.2
177287,13.5
177389,13.5
177492,1.5
177910,1.5
178199,8.555555555555555
178458,1.8
179026,3.6666666666666665
179287,2.75
179716,4.25
179985,3.0
180095,19.0
180606,20.0
180809,71.0
180986,64.75
181530,47.111111111111114
181543,29.0
181556,3.5
181573,4.5
181648,1.5
181724,4.8
181818,1.25
181994,1.5
182053,2.5
182197,14.333333333333334
182229,5.75
182253,9.333333333333334
183042,-15.0
183480,5.166666666666667
183853,55.25
184049,3.6923076923076925
184187,7.2
185378,7.375
185389,3.3333333333333335
185936,95.33333333333333
186131,2.3333333333333335
186202,6.25
186316,2.5
186472,1.75
186857,81.0
186916,15.0
187273,8.0
187434,1.0
187455,60.333333333333336
187552,15.0
187621,28.25
188417,1.0
188444,4.0
188451,3.0
189087,6.4
189555,132.0
189645,77.33333333333333
189751,33.0
189861,4.0
189943,11.6
190010,62.25
190115,6.0
190675,1.3333333333333333
190967,21.0
191010,67.5
191062,7.5
191359,23.333333333333332
191536,13.333333333333334
191644,1.6
191700,6.5
192109,111.625
192261,5.6
192345,1.0
192367,10.0
192579,13.0
192649,17.666666666666668
192907,21.0
193077,5.833333333333333
193161,76.66666666666667
193701,2.0
193789,7.0
193919,12.5
194289,1.5555555555555556
194339,1.6666666666666667
195101,4.0
195109,4.0
195116,6.0
195534,12.0
195625,18.0
195626,2.6363636363636362
195771,3.0
196217,1.5
196345,49.5
196755,2.4
196771,0.0
196776,2.4
196841,2.75
196924,3.3333333333333335
196930,18.333333333333332
196960,33.0
197009,3.0
197387,10.666666666666666
197759,3.4
198465,3.0
198692,3.2
199059,7.428571428571429
199180,1.75
199556,6.25
200020,85.5
200250,4.0
200373,3.5
200447,3.0
200599,2.6666666666666665
200738,9.333333333333334
201461,55.5
201515,4.0
201846,2.0
202939,3.2222222222222223
203487,20.0
203758,1.0
203859,1.5
203912,14.375
204017,87.66666666666667
204062,5.0
204308,7.4
204427,3.0
204570,0.0
204802,4.6
204829,2.75
205062,5.75
205136,1.0
205204,1.6
205704,2.5
206040,2.0
206245,4.0
206734,11.333333333333334
206823,3.0
206855,3.125
206916,2.0
207000,41.0
207230,0.75
207234,7.75
207290,1.0
207763,3.0
207939,3.6
207981,2.0
208085,2.0
208120,3.8
208894,5.4
209023,2.0
209429,1.0
209470,21.333333333333332
209484,10.0
209513,241.66666666666666
209840,224.5
210067,4.0
210344,2.5
210461,2.0
210522,2.0
210629,22.0
210978,5.5
211046,1.0
211100,29.0
211118,2.75
211160,36.0
211483,2.0
211501,8.428571428571429
211695,5.1
212125,0.5
212358,19.4
212715,2.75
212797,4.5
212941,3.0
213237,0.5
213455,6.333333333333333
213483,3.727272727272727
213628,3.6666666666666665
213798,4.0
213838,3.0
214059,1.4285714285714286
214536,3.2857142857142856
214549,6.0
214777,13.333333333333334
214852,6.333333333333333
214881,10.333333333333334
215052,1.3333333333333333
215132,2.0
215267,0.8
215542,3.5
215570,11.5
215581,34.0
215667,0.6666666666666666
215689,10.0
215702,1.0
215752,2.5
216093,2.1666666666666665
216119,4.0
216141,2.6666666666666665
216489,2.0
216657,1.6666666666666667
216972,42.333333333333336
217020,1.0
217157,2.0
217666,1.0
217881,1.6
217900,4.0
218616,107.66666666666667
218935,6.0
218987,5.0
219110,68.5
219215,1.0
219329,3.5
219547,2.2
220525,10.0
220777,4.0
220902,0.5
221097,4.0
221328,10.0
221339,3.25
221376,8.0
221386,2.0
221745,9.0
222133,3.3333333333333335
222375,17.5
222450,2.6666666666666665
222536,5.5
222736,4.0
222752,7.0
222877,89.5
223328,2.6666666666666665
223356,5.0
223559,23.666666666666668
223866,5.125
223990,46.5
224026,6.5
224145,6.0
224337,1.2
224660,1.3333333333333333
224735,1.0
224771,0.5
224796,3.5
225086,23.5
225274,14.0
225598,19.666666666666668
225675,8.5
225735,26.666666666666668
226279,1.0
226510,17.0
226528,14.0
226693,9.0
227222,2.0
227279,5.25
227282,3.4
227459,284.0
227461,5.833333333333333
227790,5.428571428571429
227928,4.666666666666667
228642,7.6
228702,12.5
228730,17.166666666666668
228912,47.666666666666664
229186,36.8
229352,1.7142857142857142
229756,3.3333333333333335
230310,3.0
230751,209.8
230845,1.8333333333333333
230896,5.5
231767,1285.875
231839,11.666666666666666
231924,1.3333333333333333
232008,3.75
232162,2.0
232435,9.5
233320,6.25
233673,40.285714285714285
234512,2.0
234590,3.0
234695,4.0
235191,7.0
235416,3.0
235435,6.2
236205,1.0
236359,2.3333333333333335
236407,17.125
236692,8.333333333333334
236859,1.0
237079,104.0
237128,56.6
237155,3.0
237209,1.3333333333333333
237211,4.0
237235,10.5
237432,16.4
237699,2.5
237731,1.0
237859,0.6666666666666666
237876,1.4
238081,50.5
238102,11.0
238151,3.5
238223,1.75
238600,14.0
238697,1.0
238882,3.0
239009,0.3333333333333333
239020,7.8
239258,2.0
240031,0.5
240178,77.0
240659,2.0
241007,2.8
241141,3.6666666666666665
241250,15.0
241327,15.833333333333334
241503,3.0
241533,2.5
241995,4.0
242059,4.25
242065,2.0
242295,1.6666666666666667
242485,44.333333333333336
243060,21.0
243375,1.0
243831,10.0
243836,9.6
243864,9.333333333333334
243865,7.3
243962,7.0
244138,2.5555555555555554
244438,3.0
244720,1.0
244750,6.0
244803,2.0
245094,1.5
245192,22.4
245225,5.0
245237,5.714285714285714
245304,20.2
245447,10.333333333333334
245725,2.0
245792,10.5
246123,0.0
246137,1.5
246525,8.5
246725,47.333333333333336
247724,5.8
247770,199.0
247922,2.0
248730,1.8571428571428572
248830,46.333333333333336
249064,6.333333333333333
249110,4.666666666666667
249262,2.5
249283,2.5
249330,0.6666666666666666
249388,0.5
249775,7.0
249785,3.5
250038,7.0
250151,10.88888888888889
250209,2.0
250271,46.0
250283,4.4
250357,21.2
250397,5.0
250398,3.0
250700,2.0
251464,194.5
251506,1.0
252035,6.0
252221,4.0
252287,1.5
252417,31.666666666666668
252531,12.0
252703,619.8
252951,2.0
253018,2.0
253375,4.5
253761,2.0
254350,10.428571428571429
254635,5.0
254895,0.6666666666666666
255035,44.0
255147,68.66666666666667
255157,2.5
255263,3.0
255332,19.0
255429,3.2
255476,3.2
255700,2.0
256021,0.25
256222,73.5
256417,46.0
256564,4.0
257398,5.333333333333333
257409,26.333333333333332
257481,11.333333333333334
257563,4.666666666666667
257655,1.5
257658,3.3333333333333335
257956,0.0
258119,1.3333333333333333
258228,5.333333333333333
258296,4.5
258390,9.25
258746,2.875
258767,3.0
258775,2.0
259234,2.3333333333333335
259314,2.0
259451,2.5
259491,4.0
259578,2.0
259634,8.4
259782,4.5
260056,1.7142857142857142
260273,5.928571428571429
260738,8.4
261500,4.0
261638,75.6
261655,14.75
262249,1.5
262460,0.0
263005,9.0
263296,5.0
263457,37.75
263550,1.6666666666666667
263623,6.333333333333333
263773,2.6666666666666665
263820,2.0
264128,3.0
264154,11.4
264224,2.0
264540,0.5
264575,6.166666666666667
265687,19.166666666666668
265720,8.0
265814,1.4
265888,0.0
265960,104.75
266114,0.6
266648,11.333333333333334
266849,1.0
267436,17.5
267628,1.0
267660,1.3333333333333333
267861,1.0
267977,0.4
268015,1.0
268025,3.6666666666666665
268089,2.3333333333333335
268272,119.4
268629,15.0
268891,1.6666666666666667
268930,1.5
269060,11.0
269292,5.5
269676,1.0
269713,4.0
269795,79.4
269918,0.8
270648,21.0
270745,10.333333333333334
270879,33.0
270983,2.0
271077,26.0
271244,6.5
271488,4.888888888888889
271625,15.0
271657,10.0
271825,4.75
271855,7.0
272042,4.5
272188,2.6
272233,5.0
272826,1.0
273002,4.5
273043,1.5
273060,0.5
273192,435.8
273203,3.0
273524,5.25
273612,6.25
273698,48.0
273937,0.6666666666666666
273946,110.66666666666667
274361,2.0
274493,9.5
275018,315.5
275109,1.0
275174,38.6
275207,4.25
275541,0.5
275572,1.6666666666666667
275683,6.0
275756,11.666666666666666
275980,0.5
275989,1.0
276052,3.3333333333333335
276184,3.5
276266,5.666666666666667
276281,14.5
276286,5.5
276345,4.0
276656,5.5
276679,3.25
276761,12.0
276769,7.0
277170,5.666666666666667
277187,1.2
277922,18.2
277965,3.8
279094,1.4
279119,1.5
279129,2.0
279237,116.4
279434,0.3333333333333333
279561,95.0
279782,10.5
279912,7.6
279945,1.3333333333333333
280207,2.0
280222,10.666666666666666
280243,31.285714285714285
280324,3.6666666666666665
280435,103.5
280797,11.0
281133,6.0
281888,33.0
281922,1.5
282393,11.5
282907,2.0
283294,6.666666666666667
283431,2.0
283447,6.5
283645,22.666666666666668
283707,21.666666666666668
283766,5.666666666666667
283894,0.5
284043,16.0
284115,-1.0
284234,3.0
284741,1.6666666666666667
285061,91.5
285132,2.2222222222222223
285226,3.8
285289,23.714285714285715
285408,8.5
285455,3.0
285869,2.5
285931,3.0
285938,5.25
285990,3.3333333333333335
286061,4.375
286486,0.75
286558,0.0
286614,3.25
286958,9.666666666666666
287204,13.25
287312,1.0
287379,7.4
287757,11.0
287823,7.0
287845,1.6666666666666667
287871,155.55555555555554
288546,1.0
288695,4.0
288968,17.0
289035,15.0
289174,5.0
289187,1.5
289518,1.25
289668,4.5
289735,1.6
289978,10.8
290397,0.75
290424,38.0
290456,8.25
290896,5.0
291448,10.0
291467,1.0
291508,1.0
291740,4.75
291874,0.5
291945,164.0
291978,67.2
292095,9.5
292167,1.1666666666666667
293300,4.5
293344,34.0
293431,21.8
293444,0.25
293482,11.666666666666666
294285,6.0
294313,12.0
294470,12.5
294504,4.5
294520,3.3333333333333335
294607,1.5
294712,6.0
294766,6.0
294960,1.0
294963,2.3333333333333335
295028,2.0
295058,25.0
295135,30.583333333333332
295195,2.25
295438,29.0
295459,15.0
295670,5.285714285714286
296036,11.0
296173,8.5
296270,2.8
296490,1.0
296499,17.0
296650,14.0
297112,7.0
297239,16.5
297294,3.0
297345,3.4
297383,29.0
298004,2.0
298034,1.0
298185,3.0
298446,3.0
298772,69.0
298779,2.0
298782,2.0
298828,0.5
299249,3.0
299446,5.333333333333333
299588,17.333333333333332
299913,3.0
300032,2.0
300047,1.0
300445,19.25
301068,23.666666666666668
301134,61.6
301239,1.0
301493,5.625
301528,10.4
301566,0.75
301924,9.857142857142858
302163,2.0
302379,2.3333333333333335
302651,12.75
302679,2.5
302835,5.333333333333333
302867,3.0
302983,2.6666666666666665
303200,430.0
303360,1.0
303664,6.0
303726,1.8
304049,3.3333333333333335
304117,2.75
304152,1.0
304216,1.5
304256,-0.5
304567,0.0
304655,3.6666666666666665
304779,2.0
304883,80.0
305359,3.4166666666666665
305378,21.25
305422,1.5
305647,1.5
305924,6.0
306130,13.2
306313,65.0
306400,1462.0
306456,1.0
306811,1.0
306901,1.5
307038,6.0
307338,2.0
307494,7.0
307729,2.3333333333333335
308187,2.5
308220,1.0
308254,10.0
308912,6.75
308913,4.0
308999,467.0
309129,7.5
309412,24.285714285714285
309945,4.0
310118,1.6666666666666667
310199,3.1666666666666665
310224,3.0
310459,2.0
310629,5.0
310732,58.333333333333336
310765,4.5
310833,0.5
310856,1.5
310890,1.6666666666666667
310931,12.0
311188,7.5
311202,15.5
311300,0.0
311588,13.666666666666666
311601,7.0
311621,2.0
311627,112.0
311763,7.75
311775,44.0
311963,4.0
312263,7.333333333333333
312284,10.0
312443,215.0
312444,1.0
312549,34.0
312599,1.5
312673,2.5
312695,6.5
312794,2.25
312925,20.0
312928,1.0
313054,3.4
314234,1.75
314583,3.2
314749,1.0
315165,8.5
315362,7.333333333333333
315363,1.75
315381,3.0
315435,0.8333333333333334
315672,4.75
315716,19.5
315803,0.3333333333333333
316238,8.833333333333334
316325,1.6666666666666667
316484,4.0
316518,0.0
316866,22.714285714285715
317368,2.8
317413,75.0
317531,1.5
317963,4.0
318067,10.0
318390,1.3333333333333333
318700,2.3333333333333335
319232,1.5
319426,74.0
319896,0.25
319923,7.666666666666667
320052,2.75
320166,5.0
320232,11.666666666666666
320827,12.0
320929,68.0
320979,0.6666666666666666
321024,13.333333333333334
321304,1.4
321582,2.0
321668,0.75
321795,5.4
323032,14.5
323424,24.0
323515,17.0
323581,1.0
323689,26.5
323750,8.125
323763,42.5
323829,2.0
323866,2.5555555555555554
323972,103.2
324132,4.8
324214,11.0
324506,0.2
324643,5.6
324779,8.0
324945,0.0
324980,4.0
325463,25.75
326254,2.0
326401,3.25
326571,4.0
326770,5.333333333333333
326794,2.0
326910,3.6666666666666665
326922,1.0
327002,12.75
327026,4.0
327142,1.75
327191,11.5
327223,3.8333333333333335
327251,4.5
327311,6.666666666666667
327483,3.75
327534,17.0
327597,4.2
327776,3.0
327807,29.0
327896,1.0
327985,1.25
328003,4.0
328059,7.166666666666667
328061,14.0
328107,15.2
328356,26.333333333333332
328490,5.0
328492,1.0
328568,1.75
328793,3.0
328851,12.0
328964,1.3333333333333333
329333,6.333333333333333
329498,6.2
329706,3.8
329886,6.75
329956,2.375
329963,13.333333333333334
330334,2.0
330367,3.2
330383,1.5
330573,1.0
330900,19.5
331377,2.75
331767,5.333333333333333
331855,5.0
331918,10.0
332255,14.666666666666666
332289,192.0
333097,9.0
333487,0.5
333706,7.6
333995,5.75
334655,92.0
334765,7.5
334827,2.5
334992,1.3333333333333333
335078,5.333333333333333
335399,11.0
335582,3.0
335695,23.666666666666668
335891,3.0
335896,1.25
336013,2.75
336181,13.0
336517,2.0
336753,-1.0
336866,27.0
336963,15.0
337223,3.1666666666666665
337479,22.333333333333332
337688,14.75
337863,5.666666666666667
337870,6.5
338008,1.0
338217,2.5
338450,5.666666666666667
338768,45.0
339007,317.25
339053,16.0
339217,5.166666666666667
339387,2.0
339537,16.5
339856,3.0
340093,2.0
340128,2.5714285714285716
340318,2.5454545454545454
340341,3.5
341138,3.0
341184,6.375
341379,5.25
342425,2.0
342434,9.0
342437,14.5
342556,1.6666666666666667
342729,5.909090909090909
343204,2.0
343210,1.3333333333333333
343505,16.0
343517,1.6666666666666667
343622,2.0
343769,1.0
343865,16.333333333333332
344442,2.0
344559,2.25
344753,0.5
344826,0.3333333333333333
344851,11.5
345401,0.5
345745,4.8
345746,0.4
345991,79.0
346132,8.0
346230,30.0
346267,2.2
346426,2.0
346467,44.0
346723,7.0
346823,0.8
346840,9.0
347010,1.75
347054,1.2222222222222223
347109,4.0
347475,1.0
347497,3.0
347538,11.0
347574,3.5
347632,3.0
347734,10.0
347811,42.0
347812,9.333333333333334
348044,14.2
348196,17.0
348392,6.857142857142857
348630,19.0
348999,3.5
349175,6.0
349206,5.0
349369,2.5714285714285716
349653,2.3333333333333335
350519,6.0
350647,7.666666666666667
350799,14.333333333333334
351271,13.0
351440,1.0
351456,3.0
351656,5.0
351760,1.25
351821,8.0
351927,3.3333333333333335
352076,1.8571428571428572
352079,1.5
352340,1.0
352478,28.0
352537,19.0
352670,13.0
352837,7.5
353148,2.5
353152,1.6
353297,4.5
353489,6.0
353571,7.0
354038,257.5
354097,10.4
354124,7.2
354370,4.0
354421,6.5
354755,3.0
354883,54.375
355135,1.0
355539,26.0
355739,1.5
356090,4.888888888888889
356138,0.5
356452,7.0
356483,12.0
356638,5.5
356718,4.5
356830,0.3333333333333333
357656,1.25
357785,20.166666666666668
357810,2.6
357968,4.5
357997,7.833333333333333
358189,1.6666666666666667
358225,31.666666666666668
358398,0.8333333333333334
358471,1.5
358783,4.5
359347,9.5
359409,1.5
359498,10.0
359903,2.2857142857142856
360036,2.25
360368,4.4
360600,1.0
360602,3.3333333333333335
360782,2.0
360911,0.0
361443,2.0
361945,1.0
362231,2.0
362334,0.6
362426,3.0
362484,1.5
362489,5.5
362522,2.5
362808,4.0
362998,3.0
363171,6.0
363907,3.0
363944,15.142857142857142
363968,2.0
364015,5.25
364327,1.5
364358,3.0
364486,1.0
364519,45.2
364621,53.0
364655,1.75
364802,29.333333333333332
365058,4.5
365082,20.5
365110,10.0
365384,2.0
365395,6.5
365601,3.0
366037,2.0
366421,2.0
366422,25.666666666666668
366682,16.8
366706,5.5
366720,4.6
366838,4.0
367029,0.5
367053,21.0
367068,2.0
367115,11.75
367155,6.833333333333333
367461,11.0
367560,4.666666666666667
367565,93.5
367586,24.5
367684,1.0
368003,2.0
368057,5.0
368545,4.0
368636,13.0
368805,47.25
368980,2.0
369230,0.5
369261,1.0
369305,2.0
369391,1.8
369414,1.0
369664,3.0
369764,0.0
369898,73.66666666666667
370075,5.25
370077,6.0
370160,3.0
370174,0.6666666666666666
370357,42.0
370680,17.0
370733,6.0
371037,2.3333333333333335
371155,1.5
371419,5.0
371753,30.0
372007,10.5
372042,120.25
372102,4.666666666666667
372365,3.0
372465,3.0
372511,0.7857142857142857
372885,243.75
373020,12.0
373067,1.3333333333333333
373189,1.0
373194,15.0
373212,2.5
373335,11.5
373370,9.666666666666666
373406,2.0
373459,19.5
373639,12.5
374217,3.6666666666666665
374245,4.0
374318,10.0
374480,2.25
374572,4.5
374626,37.5
374763,2.0
374768,2.25
375052,1.0
375154,54.5
375427,9.333333333333334
375620,1.25
375820,4.0
376111,16.0
376221,1.0
376461,14.285714285714286
376765,4.0
377000,0.5
377017,35.714285714285715
377204,2.0
377254,38.0
377337,3.0
377362,0.0
377454,98.75
378157,1.0
378303,12.0
378493,7.0
378564,2.6666666666666665
378773,2.3333333333333335
378811,3.2857142857142856
379291,4.5
379338,2.0
379346,11.5
379442,1.0
379906,298.0
379995,0.25
380420,10.0
380603,3.5
380731,1.0
380734,8.25
380870,9.5
381479,5.0
382466,3.8333333333333335
382603,8.75
382624,5.333333333333333
383010,7.0
383073,11.0
383189,1.0
383565,4.0
383623,8.8
383738,6.0
383760,1.6666666666666667
383966,7.666666666666667
384076,119.0
384228,14.4
384291,0.5
384333,3.4
384336,0.6666666666666666
384471,0.5
384759,81.0
384874,5.25
385262,91.0
385325,3.4444444444444446
385394,2.5
385403,5.5
385558,27.0
385572,8.0
385632,1.4
386151,1.0
386655,6.176470588235294
386664,3.5
386753,7.5
386934,41.0
387606,1.0
387619,2.25
387686,2.0
387991,6.0
388069,57.0
388154,2.2
388173,3.3333333333333335
388233,2.5
388800,28.0
389398,1.6
389688,7.25
389945,9.0
390250,64.0
390263,1.5
390409,19.5
390852,14.6
390867,1.5
391237,3.5
391879,18.0
392041,54.0
392100,3.0
392160,8.222222222222221
392217,1.0
392349,11.0
392624,4.928571428571429
392728,6.5
392784,2.6666666666666665
393053,16.5
393554,9.0
393629,6.0
393637,0.0
393738,1.25
393843,59.5
393871,4.75
394300,5.0
394372,0.5
394439,0.3333333333333333
394465,21.0
394500,1.75
394618,2.0
394770,24.2
394809,922.75
394895,9.0
394978,2.5
395053,0.0
395340,12.0
395451,9.5
395509,2.2857142857142856
395704,6.25
395735,65.33333333333333
395846,1.5
395982,11.5
396421,4.416666666666667
396455,2.3333333333333335
396791,1.5
396856,13.5
396913,13.666666666666666
396991,2.5
397034,6.0
397125,12.0
397148,30.5
397293,1.4285714285714286
397337,1.0
398385,3.0
398560,2.4
399022,7.166666666666667
399067,1.7142857142857142
399129,6.666666666666667
399326,0.5
399624,2.0
399956,5.0
399957,3.0
399980,4.333333333333333
399991,2.6
400050,2.6
400788,4.25
401025,62.5
401118,0.4
401215,1.8
401277,32.5
401726,12.0
401787,4.5
402217,8.166666666666666
402359,14.25
402364,7.4
402483,7.666666666666667
402504,115.71428571428571
403421,118.6
403433,0.5
403527,2.5714285714285716
403794,3.0
403822,3.5
403897,4.5
403934,4.0
404346,5.857142857142857
404534,5.0
404744,62.0
404795,35.25
404825,1.0
405058,17.0
405106,3.0
405165,9.454545454545455
405282,3.2
405352,4.5
405489,16.333333333333332
405509,2.25
405516,17.333333333333332
405540,3.7142857142857144
405582,15.0
405612,4.0
405617,1.0
405652,15.5
405724,6.0
406361,9.333333333333334
406907,6.9
406933,10.0
406939,2.5
407464,7.0
407468,1.0
407587,7.666666666666667
407734,15.0
408039,0.0
408046,6.0
408334,3.0
408541,21.0
408621,1.3333333333333333
408810,1.0
408855,1.0
408866,6.75
409217,4.0
409354,1.75
409370,6.375
409449,2.3333333333333335
409529,4.142857142857143
409677,3.0
409732,7.0
409769,1.0
409783,49.75
409949,3.0
410163,14.666666666666666
410221,9.333333333333334
410273,3.3333333333333335
410392,5.0
410469,2.0
410485,7.666666666666667
410941,2.0
410954,10.666666666666666
411708,5.0
411761,9.0
411810,6.8
411902,3.0
412214,2.0
412368,5.5
412472,4.0
412475,1.75
412498,1.0
412775,2.5
412943,3.75
412951,4.5
413446,2.0
414025,17.0
414230,8.5
414543,5.25
414679,8.0
414952,14.0
415019,5.0
415407,5.5
415511,441.5
416315,1.6666666666666667
416406,2.5
417158,0.5
417159,2.5
417265,4.333333333333333
417396,8.0
417584,0.5
417664,9.0
417703,2.75
417763,2.0
418176,15.5
418204,4.5
418497,6.0
418835,0.5
418915,5.857142857142857
419010,1.6
419145,7.333333333333333
419163,884.5
419197,1.0
419235,27.25
419260,3.0
419334,2.6
419379,6.428571428571429
419698,0.6666666666666666
419908,7.666666666666667
420515,0.5
420792,7.0
421050,1.5
421178,9.5
421206,2.2857142857142856
421223,1.0
421618,10.0
422091,3.5
422140,63.0
422247,8.0
422555,1.0
422903,2.5
423379,618.8
423404,0.5
423437,4.0
423483,5.8
425343,2.0
425604,4.0
425722,3.0
425990,12.666666666666666
426294,3.0
426298,2.0
426500,4.333333333333333
426607,5.75
426820,4.5
427037,1.0
427095,1.75
427102,103.75
427152,2.0
427400,2.0
427453,100.0
428149,6.0
428264,2.0
428308,0.3333333333333333
428704,1.0
428895,2.8
429162,2.5
429164,5.0
429414,6.8
429437,1.3333333333333333
429443,0.5
429648,1.0
430047,6.0
430079,10.6
430226,2.5
430379,3.0
430759,2.25
430966,4.75
431205,9.75
431432,1.0
431684,76.66666666666667
431752,26.0
431866,68.66666666666667
431944,7.0
431996,2.6666666666666665
432080,3.0
432112,65.25
432115,0.6666666666666666
432211,7.0
432385,28.0
432637,8.0
432786,54.0
432842,167.16666666666666
433251,8.0
433294,8.0
433331,4.5
433388,1.8333333333333333
433507,10.0
433662,3.875
433669,1.0
433795,10.5
433945,2.2
434287,48.2
434353,5.333333333333333
434407,1.8
434580,5.4
434583,10.333333333333334
434597,33.833333333333336
434641,13.333333333333334
434700,11.0
436003,4.666666666666667
436198,58.0
436220,33.333333333333336
436394,5.5
436474,4.0
436497,13.0
436599,5.5
436944,2.5
437025,2.5
437160,6.0
437166,7.333333333333333
437476,1.25
437589,160.33333333333334
437791,3.6666666666666665
438149,4.0
438185,1.5
438315,6.428571428571429
438401,1.5
438559,4.0
438594,3.75
438733,4.0
438813,2.5555555555555554
438844,37.333333333333336
438894,12.5
439115,10.25
439641,4.666666666666667
440036,5.0
440063,4.0
440320,22.5
440356,5.0
440541,5.4
440547,5.0
440676,3.5
440932,3.25
441061,2.0
441114,3.0
441130,5.75
441147,291.0
441256,2.0
441374,8.0
441758,21.0
441824,21.428571428571427
441838,12.0
441849,3.8
441864,2.0
442040,25.0
442062,3.0
442188,4.0
442218,0.3333333333333333
442343,21.0
442355,2.0
442442,1.6
442596,2.0
443057,11.0
443082,0.5
443224,3.0
443387,13.0
443650,1.0
443775,2.125
443813,1.5
443885,2.7142857142857144
443920,1.2
443967,28.0
444058,4.5
444475,5.5
444509,2.75
444591,39.333333333333336
445037,3.5
445595,6.25
445827,7.0
445942,1.6666666666666667
445980,1.0
446026,11.0
446052,40.0
446209,15.666666666666666
446222,4.333333333333333
446685,9.125
446782,4.4
446869,1.0
446912,0.5
447015,0.5
447086,2.2
447107,26.5
447117,6.0
447875,3.0
448034,1.8571428571428572
448095,4.666666666666667
448120,2.75
448207,7.0
448271,211.0
448837,1.5
449055,8.333333333333334
449168,2.0
449560,109.66666666666667
449734,2.3333333333333335
449775,14.25
450210,2.25
450290,0.5
450306,0.3333333333333333
450787,3.0
450883,1.5
451690,2.0
451952,2.0
451963,11.0
452018,1.5
452104,46.0
452283,41.5
452300,22.5
452305,2.8181818181818183
452430,3.5
452520,4.0
452532,2.3333333333333335
452610,6.6
452884,3.0
452969,52.666666666666664
453158,4.0
453329,5.333333333333333
453396,13.333333333333334
453477,5.0
453576,11.0
453673,2.3333333333333335
453808,3.5
454182,3.0
454223,1.0
454337,1.0
454443,4.166666666666667
454456,7.333333333333333
454498,2.6666666666666665
454566,4.75
454648,2.3333333333333335
454691,2.3333333333333335
454725,25.666666666666668
454854,20.5
454931,0.6666666666666666
454944,6.833333333333333
455059,8.0
455552,16.0
455580,43.5
455612,163.0
455717,2.8
456001,6.571428571428571
456084,4.125
456100,3.0
456224,0.0
456481,24.5
456649,18.0
456672,29.0
456673,1.5
456753,5.0
456867,30.0
456884,15.285714285714286
456926,2.3333333333333335
457207,3.5
457246,4.25
457408,18.0
457514,3.5
457641,0.6666666666666666
458209,36.25
458311,7.0
458436,7.333333333333333
458550,18.0
458943,3.0
459083,39.5
459125,11.0
459552,4.0
459608,3.0
459981,25.5
460068,3.0
460144,5.5
460479,3.2
460586,15.2
462038,1.0
462068,1.0
462439,5.666666666666667
462500,51.0
462933,0.5
463032,0.75
463215,11.0
463604,8.6
463643,4.0
463714,9.0
463806,2.0
463832,5.0
463963,11.777777777777779
464010,0.6666666666666666
464040,53.25
464314,1.6666666666666667
464342,23.6
464543,1.0
464736,28.5
464864,146.0
464970,1.25
465065,16.333333333333332
465144,2.3333333333333335
465348,4.666666666666667
465421,4.2
465605,2.3333333333333335
465795,5.428571428571429
465814,2.6666666666666665
466135,4.0
466203,15.5
466293,2.0
466345,738.3333333333334
466525,1.5
466611,5.666666666666667
466684,4.333333333333333
466692,3.0
466801,9.0
466897,1.3333333333333333
467094,17.5
467134,4.0
467600,2.0
467602,1.0
467738,17.333333333333332
467800,7.333333333333333
467878,5.0
467920,19.0
467925,4.0
467985,0.8333333333333334
468238,4.5
468241,6.0
468383,1.3333333333333333
468421,8.5
468639,3.0
468736,1.0
469110,3.0
469200,6.0
469219,2.0
469243,18.666666666666668
469931,1.0
469950,12.0
470008,2.0
470139,9.142857142857142
470567,0.0
471000,7.333333333333333
471190,0.6666666666666666
471191,42.666666666666664
471211,2.0
471279,2.0
471463,2.5
471546,14.666666666666666
471550,22.5
471660,1.5
471712,10.0
471928,6.333333333333333
472000,99.5
472170,2.0
472179,11.5
472392,31.0
472503,20.0
472575,3.5
472839,2.0
472977,9.0
473099,66.16666666666667
473498,2.0
473620,55.25
473937,2.0
473961,2.25
473973,158.5
474034,7.0
474203,0.5
474261,3.3333333333333335
474275,1.1666666666666667
474331,5.0
474373,5.0
474528,37.0
474934,1.0
474949,2.0
475073,5.0
475216,5.6
475302,2.6666666666666665
475552,5.666666666666667
475871,41.25
475928,2.0
476017,17.666666666666668
476142,1.5
476187,2.5
476227,4.8
476324,2.0
476369,0.6666666666666666
476394,7.0
476478,4.0
476511,70.0
476586,9.333333333333334
476659,1.5
476668,5.666666666666667
476731,2.6666666666666665
476772,5.2
476949,5.25
476968,4.4
477061,16.5
477096,10.625
477135,3.0
477183,8.0
477237,12.0
477486,102.66666666666667
477573,9.0
477820,26.0
478359,5.0
478382,12.0
478458,3.5
478655,1.2
479043,1.75
479236,7.0
479751,13.0
480214,241.5
480866,6.0
481266,9.0
481692,16.8
481862,0.6
481943,0.3333333333333333
481995,2.6666666666666665
482014,28.25
482146,4.428571428571429
482263,2.6
482405,6.666666666666667
482410,144.0
482612,0.5
483072,3.3333333333333335
483208,9.0
483666,145.25
484220,5.0
484338,8.0
484389,1.0
484890,1.3333333333333333
485076,6.0
485095,2.0
485789,19.0
486490,7.0
486995,15.0
487184,10.0
487224,11.444444444444445
487229,6.666666666666667
487484,1.0
487553,2.5
487642,0.3333333333333333
487800,2.0
487971,5.75
488036,8.0
488054,2.0
488366,3.25
488449,3.0
488498,6.0
488504,1.0
488670,8.0
488772,0.5
489113,6.0
489269,67.0
489497,9.5
489524,3.0
489807,2.0
489861,22.2
489901,3.0
489999,16.22222222222222
490130,1.0
490195,46.0
490429,4.0
490439,9.0
490597,44.666666666666664
490762,2.5
490929,1.0
491053,7.0
491085,14.0
491404,0.6666666666666666
491705,6.0
491837,4.0
491921,18.4
492223,3.0
492377,9.0
492387,84.6
492452,1.5
492483,120.0
492519,47.5
492716,7.2
492860,13.0
493046,6.25
493174,14.8
493304,9.0
493367,9.666666666666666
493386,426.6666666666667
493484,3.0
493816,2.5
493819,181.4
493853,3.25
493973,1.8461538461538463
493978,0.0
493981,3.0
494054,5.0
494594,33.8
494769,0.0
494881,2.5
494919,1.6666666666666667
494997,1.5
495294,7.5
495422,6.25
495424,10.4
495595,9.0
496009,2.75
496582,3.2
496814,2.6
497114,31.0
497233,4.25
497426,20.857142857142858
497654,10.166666666666666
497704,1.0
497747,7.0
497765,128.0
497885,32.8
497952,7.2
498106,37.666666666666664
498199,5.0
498630,10.0
499084,4.0
499345,18.5
499593,5.0
499596,1.0
499705,2.0
499964,4.0
500134,1.0
500168,8.333333333333334
500328,7.0
500406,8.0
500434,8.0
500477,9.5
500578,5.0
500650,11.5
500822,2.6666666666666665
500864,206.0
500935,1.0
501021,2.0
501027,4.0
501087,2.0
501187,10.25
501308,5.333333333333333
501585,23.857142857142858
501597,1.0
501626,7.0
501817,1.0
501940,4.0
501945,3.4
502282,9.0
502610,1.0
502726,14.0
502916,39.0
503148,3.0
503295,1.0
503462,1.0
504716,13.25
505230,17.0
505559,3.0
505703,1.6666666666666667
505925,1.0
506594,4.0
507006,1.0
507405,4.0
507425,1.4
507927,8.333333333333334
508144,1.0
508183,3.0
508277,12.5
508609,10.0
508627,16.333333333333332
508657,7.7
508727,4.8
508817,6.857142857142857
508983,7.0
509211,408.5
509446,5.666666666666667
509449,7.0
509710,6.25
509742,9.0
509994,11.0
510085,3.5
510135,3.0
510339,1.0
510348,515.3333333333334
510357,57.0
510406,38.5
510443,4.0
510751,1.0
510821,3.0
510972,392.3333333333333
511011,2.0
511204,11.25
511291,12.0
511412,2.5
512036,4.0
512173,10.5
512499,1.5
512600,5.5
512893,2.5
513023,3.0
513173,1.7777777777777777
513291,1.75
513675,2.5
513788,28.0
513806,1.5
513882,27.5
514029,3.7142857142857144
514038,5.454545454545454
514068,10.0
514371,174.0
514448,11.25
514475,2.0
514617,2.5
514767,1.0
514912,3.0
515522,0.0
515801,1.6666666666666667
516039,2.0
516335,4.0
516451,3.5
516501,5.5
516798,4.0
516935,6.0
516946,1.0
517060,18.0
517127,44.75
517237,1.6666666666666667
517349,3.3333333333333335
517355,23.75
517491,5.333333333333333
517923,123.5
517970,66.16666666666667
518021,160.0
518162,5.0
518679,3.0
518782,1.5
519296,4.0
519633,54.2
519671,21.0
519851,2.0
520015,15.666666666666666
520031,5.666666666666667
520152,3.0
520210,5.0
520362,0.75
520615,11.0
520865,2.0
520881,2.0
520963,2.3333333333333335
521111,1.3333333333333333
521321,14.666666666666666
521326,4.0
521476,14.0
521505,4.0
521532,35.0
521710,3.0
521759,19.0
522229,1.0
522372,39.0
522430,10.333333333333334
522563,903.0
522586,1.0
522730,4.666666666666667
522781,0.0
522921,2.0
523356,213.0
523363,4.75
523503,2.5
523579,2.0
523885,0.0
524068,2.5
524147,5.5
524214,4.5
524291,9.0
524548,13.75
524714,9.5
524734,5.5
524797,2.25
524831,10.5
524930,9.2
524992,8.666666666666666
525056,3.0
525080,4.25
525244,3.5
525272,7.0
525329,19.0
525405,3.0
525635,6.714285714285714
525773,4.8
526255,4.666666666666667
526325,3.0
526457,7.25
526734,2.5
526795,1.0
526955,1.0
527013,3.0
527134,3.909090909090909
527197,10.0
527296,5.0
527314,1.0
527420,0.5
527510,5.0
527629,5.0
527757,3.3333333333333335
527919,2.0
528116,4.6
528817,2.2
529034,17.25
529395,1.5
529424,108.16666666666667
529425,16.0
529678,4.0
529830,1.5
529890,4.25
530114,2.6
530127,2.5
530329,3.6
530480,1.0
530526,14.333333333333334
530530,31.857142857142858
530546,1.3333333333333333
530601,7.666666666666667
530645,3.5
530682,1.0
530715,2.0
531157,9.25
531224,1.6666666666666667
531377,1.75
531382,40.0
531487,1.3333333333333333
531708,0.25
531711,2.0
531892,4.0
532312,4.75
532814,1.0
532934,5.833333333333333
533048,71.0
533125,1.0
533300,15.0
533321,2.0
533382,23.0
533398,3.0
533631,94.0
533726,14.0
533905,48.2
534608,16.5
534839,205.5
534855,18.5
535331,2.4
535426,6.25
535743,4.0
535973,0.4
536051,0.5
536148,10.0
536370,2.4
537077,11.5
537086,8.0
537196,2.0
537399,1.6666666666666667
537522,21.0
537542,8.0
537689,5.25
538346,100.66666666666667
538551,34.333333333333336
538666,52.6
538875,0.6666666666666666
539066,27.0
539116,3.5
539133,3.3333333333333335
539313,1.0
539430,0.5
539578,4.0
539676,1.3333333333333333
539899,1.5
540046,3.0
540342,25.0
540427,5.5
540538,4.0
540976,8.0
540991,5.0
541100,4.0
541115,2.0
541329,5.333333333333333
541390,602.0
541926,1.5
542212,11.333333333333334
542289,8.666666666666666
542594,5.666666666666667
542596,5.6
542908,3.0
542929,3.1666666666666665
542987,3.3333333333333335
543096,2.5
543140,1.25
543196,36.0
543199,2.75
543399,5.5
543466,4.0
543483,3.0
543534,6.5
544173,15.0
544433,10.8
544542,6.0
544597,3.0
544919,8.555555555555555
544921,34.0
544923,2.3333333333333335
545294,11.0
545387,9.714285714285714
545419,5.4
545730,4.5
546321,17.428571428571427
546337,8.0
546385,1.6666666666666667
546479,7.222222222222222
546508,7.5
546753,1.3333333333333333
547450,1.0
547743,6.0
547798,7.0
547829,53.0
548442,2.0
548493,1.0
548952,18.5
549130,3.75
549340,5.0
549391,3.0
549536,1.8
549674,33.75
550001,7.0
550009,5.625
550032,20.0
550050,15.5
550148,7.0
550300,1.0
550337,1.0
550446,4.666666666666667
550450,2.5
550470,8.6
550632,74.08333333333333
550653,2.0
550673,3.0
550804,2.6666666666666665
551038,25.0
551227,6.75
551797,36.5
551840,6.0
552058,7.181818181818182
552073,8.0
552328,2.5
552329,2.75
552423,3.6
552521,2.3333333333333335
552627,2.0
552744,66.0
552996,3.0
553019,1.6
553303,23.5
553372,2.0
553784,13.4
553871,14.5
554446,15.666666666666666
554805,14.0
554957,3.3333333333333335
555009,2.625
555146,2.0
555344,6.0
555571,1.6666666666666667
555578,3.0
555705,29.0
556269,13.0
556342,1.5
556730,2.8333333333333335
556785,0.0
556907,10.0
556967,2.0
557069,1.0
557101,3.0
557171,25.0
557199,1.625
557213,1.5
557460,11.666666666666666
557462,12.0
557555,2.0
557906,7.5
557927,3.5
558105,5.0
558216,5.0
558219,8.666666666666666
558539,7.333333333333333
558776,2.6666666666666665
558926,0.0
558999,1.6666666666666667
559096,4.5
559431,2.0
559436,16.0
559578,3.5
559662,1.0
559701,4.666666666666667
560040,10.75
560283,3.0
560936,2.5
561301,4.0
561486,11.222222222222221
561626,4.0
561791,4.0
561988,3.0
561991,1.0
562278,1.5
562349,2.3333333333333335
562519,8.0
563022,10.666666666666666
563182,7.0
563384,2.625
563827,37.0
563840,17.5
564460,1.0
564662,3.3333333333333335
564695,2.6666666666666665
565030,4.5
565034,1.0
565060,0.0
565264,1.0
565823,4.0
566083,5.0
566559,3.3333333333333335
566574,0.0
566746,63.0
566819,1.0
567222,16.714285714285715
567324,6.5
567542,9.0
567622,27.4
567879,8.8
567999,3.0
568028,2.0
568247,1.0
568271,32.0
568962,69.66666666666667
568972,4.5
569468,25.666666666666668
569477,1.3333333333333333
569547,4.0
569650,3.75
569696,16.0
569754,14.0
570137,2.5
570138,0.3333333333333333
570397,0.0
570433,0.5
570522,5.5
570636,12.0
570781,3.0
570952,5.0
571083,1.6666666666666667
571186,2.6
571488,10.75
571514,10.0
571522,2.1666666666666665
571538,1.5
571850,7.25
572009,2.25
572263,1.0
572599,3.0
572780,2.0
572808,1.5
573275,5.0
573487,4.5
573569,4.333333333333333
573618,56.6
573914,3.6666666666666665
574004,4.5
574068,7.777777777777778
574140,0.0
574236,2.5
574604,10.0
574861,1.0
574952,2.5
575081,3.0
575117,12.0
575172,3.0
575196,22.833333333333332
575278,6.25
575325,1.0
575385,3.3333333333333335
575650,5.2
575925,4.0
576238,1.5
576345,3.6666666666666665
576557,3.0
576634,4.5
576776,5.0
576843,6.0
576933,7.666666666666667
576940,1.4
576967,1.625
577119,5.0
577234,185.0
577302,4.0
577376,11.0
577467,10.833333333333334
577639,2.0
577761,6.333333333333333
577779,4.0
577824,7.0
577940,9.25
578200,1.0
578262,2.0
578379,7.2
578635,2.2
578677,10.6
578800,1.0
578812,5.333333333333333
578983,5.0
579097,3.0
579272,21.0
579310,5.0
579426,3.0
579511,23.5
579620,0.6
579687,10.0
579770,9.0
579782,2.25
579856,23.0
580397,3.0
580866,5.0
580924,3.0
580993,2.0
581038,4.6
581085,5.0
581186,5.2
581281,0.0
581343,6.833333333333333
581851,6.4
582336,382.5
582449,29.0
582723,11.0
583216,6.5
583557,4.6
583740,2.0
583791,17.0
583857,1.75
583906,1.5
583986,1.4
584127,1.0
584575,0.6666666666666666
584865,10.0
585006,2.0
585529,3.8333333333333335
585957,0.0
586517,1.8333333333333333
587345,14.2
587647,5.833333333333333
588052,2.090909090909091
588342,2.5
588622,1.2
588749,4.166666666666667
589093,1.0
589115,1.5
589284,68.0
589407,2.3333333333333335
589833,3.0
590007,6.625
590053,1.0
590250,5.5
590653,0.5
590921,4.5
591200,3.857142857142857
591253,2.0
591300,0.3333333333333333
591421,5.0
591443,2.0
591520,7.0
591776,3.0
591839,0.25
592143,6.0
592256,4.5
592332,7.0
592404,3.5
592910,0.5
592931,12.666666666666666
593685,2.3
593925,2.5
594266,12.0
594442,5.285714285714286
594545,7.0
594856,17.0
595114,8.0
595290,3.0
595296,1.3333333333333333
595374,51.75
596190,2.0
596729,8.444444444444445
596886,1.6666666666666667
597058,13.5
597199,8.333333333333334
597225,2.0
597289,1.25
597348,2.0
597369,11.0
597476,4.833333333333333
597483,1.6
598019,1.0
598077,117.5
598157,12.5
598299,2.625
598398,19.625
598569,2.3333333333333335
598577,6.0
598605,30.0
598626,1.0
598668,4.0
598722,18.5
598817,6.428571428571429
598879,1.4
598931,7.8
598979,1.6
599205,0.5
599218,0.0
599280,4.75
599430,6.5
599474,7.666666666666667
599625,16.5
599737,0.5
599953,25.25
600190,3.0
600225,3.0
600268,191.0
600389,23.666666666666668
600401,4.5
600536,11.5
600539,10.666666666666666
600621,1.0
600848,3.0
601039,8.428571428571429
601166,1.8
601236,2.8
601442,2.6666666666666665
601477,5.0
601865,2.5
601874,4.0
601900,5.8
601941,3.0
602030,0.0
602046,3.2857142857142856
602096,4.4375
602322,1.6666666666666667
602445,5.0
602580,11.666666666666666
602599,3.5
602846,8.166666666666666
603115,2.75
603199,2.25
603287,16.0
603528,1.0
603595,4.0
603641,3.4
603831,1.0
603852,2.0
603856,1.5
604266,245.0
604453,85.0
604622,5.454545454545454
604721,2.375
604749,8.0
605013,1.3333333333333333
605399,1.5
605629,2.0
605888,7.333333333333333
606072,22.0
606191,477.0
606221,2.6666666666666665
606226,6.0
606283,2.6666666666666665
606350,3.0
606561,28.0
606680,2.5
606782,1.5
606946,3.5
607186,17.666666666666668
607375,2.2
607548,5.333333333333333
607760,7.666666666666667
607819,21.0
608098,1.0
608316,5.25
608558,13.0
608710,0.5
608789,10.0
608809,7.0
608854,0.5
608855,3.0
608951,3.5
609169,3.0
609190,0.6666666666666666
609212,7.0
609516,0.5
609556,6.333333333333333
609830,3.75
609944,5.0
610205,0.0
610403,3.8
610516,1.3333333333333333
610883,270.8333333333333
610892,4.5
611691,4.0
612372,8.5
612468,10.0
612734,17.0
613007,3.3333333333333335
613111,2.5
613183,486.6
613246,3.0
613364,7.111111111111111
613471,9.142857142857142
613777,4.0
614205,2.2
614458,1.625
614518,2.2857142857142856
614949,2.0
615632,1.0
616187,1.5
616416,12.333333333333334
616440,3.3333333333333335
616645,49.8
617097,0.5
617202,1.8571428571428572
617308,2.6666666666666665
617892,0.6666666666666666
617952,6.0
618093,18.0
618429,0.6666666666666666
618551,6.0
618557,86.0
618827,4.0
618910,10.0
618958,2.25
618960,5.0
619163,1.0
619384,3.5
619437,9.4
619575,2.5
619592,3.0
619618,3.0
619620,6.0
619804,2.75
620154,4.0
620305,51.666666666666664
620342,8.666666666666666
620367,13.777777777777779
620530,1.75
620610,33.0
620844,3.0
620954,3.6666666666666665
621062,2.75
621121,4.0
621156,1.0
621212,7.25
621321,2.2
621354,19.333333333333332
621560,6.666666666666667
621649,7.25
621802,3.5
621874,1.25
621968,10.0
622161,13.5
622417,3.0
622652,8.75
622744,43.0
622783,1.0
622982,48.0
623054,4.0
623384,2.0
623520,25.0
623822,2.0
624043,0.0
624050,2.25
624062,4.0
624265,11.0
624345,1.0
624492,18.0
624535,3.0
624671,1.5
624844,7.75
624926,108.0
625042,2.3333333333333335
625083,66.85714285714286
625148,2.0
625288,0.5
625314,3.0
625491,3.0
625714,8.0
625786,6.0
625977,5.0
626157,2.5
626617,1.8333333333333333
626697,2.4
626759,171.6
626796,13.25
626835,4.0
627435,515.0
627501,6.666666666666667
627583,1.0
627596,2.0
627721,6.384615384615385
627772,1.25
627786,4.0
628132,9.0
628150,3.6666666666666665
628162,6.833333333333333
628192,7.5
628332,2.5
628505,8.0
628837,3.25
628903,5.714285714285714
628956,1.0
629518,2.6
629551,91.66666666666667
629696,9.25
629919,3.8333333333333335
629999,6.0
630217,2.25
630938,3.0
631436,3.0
631441,7.0
631463,3.375
631607,0.8
631813,1.6666666666666667
631884,17.5
631996,3.0
632046,1.0
632171,1.0
632577,0.3333333333333333
632624,0.5
632730,2.5714285714285716
632856,3.75
632958,2.0
633086,3.3333333333333335
633601,4.0
633999,2.0
634024,2.3333333333333335
634067,4.0
634107,2.8
634432,4.5
634485,3.0
634857,2.0
634964,8.166666666666666
635048,1.0
635113,16.0
635159,15.0
635200,0.3333333333333333
635419,15.25
635483,21.333333333333332
635524,12.0
635583,2.0
635643,7.0
635946,9.0
636485,10.666666666666666
636548,7.5
636561,29.25
636695,2.0
636887,2.0
636905,46.0
636977,7.666666666666667
636990,3.0
637160,2.6666666666666665
637295,1.8823529411764706
637396,3.6666666666666665
637399,0.75
637565,24.0
637773,1.8
637800,6.0
638048,20.5
638095,1.0
638150,13.0
638360,2.4
638464,3.5
638647,2.0
638893,7.2
639078,3.4
639162,4.4
639409,0.8
639744,15.0
639792,1.0
639821,2.0
639949,1.6666666666666667
639962,8.6
640001,13.666666666666666
640068,4.333333333333333
640218,0.0
640310,1.0
640389,1.3333333333333333
640479,3.6
640733,2.0
640802,8.0
640877,5.166666666666667
640970,3.2
641000,1.0
641145,2.0
641420,14.75
641469,7.6
641770,4.571428571428571
641794,5.0
641985,7.333333333333333
642154,70.6
642648,7.0
642762,2.8
642763,139.2
642853,0.6666666666666666
642877,1.0
643173,0.6
643422,2.0
643699,26.0
643756,3.0
643823,7.833333333333333
643930,7.0
643950,4.25
644052,3.0
644062,3.0
644073,2.5
644081,3.0
644170,13.8
644178,8.0
644767,9.0
644821,11.666666666666666
645312,107.75
645493,3.6666666666666665
645864,1.4
645892,3.6666666666666665
645943,2.75
646286,49.0
646515,0.5
646518,5.666666666666667
646539,2.0
646644,82.33333333333333
646903,0.25
646955,1.0
647005,1.0
647041,16.0
647071,13.666666666666666
647110,6.0
647142,3.0
647443,3.0
647500,2.0
647515,14.25
647655,5.75
647769,11.857142857142858
647805,6.666666666666667
647813,1.75
647888,9.0
647900,15.0
647906,0.5
648276,7.0
648299,1.25
648638,5.0
648675,7.0
648679,8.333333333333334
649191,3.0
649329,3.0
649549,4.5
649623,1.0
650340,4.6
650646,2.75
650877,2.5
650926,5.0
650979,3.5
651009,0.0
651048,7.25
651053,7.0
651421,3.0
651717,1.875
651949,2.0
652184,5.75
652276,24.5
652283,1.2
652291,10.6
652423,2.3333333333333335
652449,7.0
652535,5.5
652750,6.0
653259,3.25
653368,6.833333333333333
653419,4.75
653496,3.6666666666666665
653735,5.0
653765,0.3333333333333333
653783,1.5
653887,4.75
654128,4.333333333333333
654499,8.666666666666666
654520,3.0
654576,1.5
654646,7.666666666666667
654738,1.0
655125,1.3333333333333333
655180,0.0
655530,8.0
655662,0.0
655903,3.0
656050,1.0
656155,9.333333333333334
656180,2.0
656297,26.333333333333332
656704,2.0
656779,8.0
656933,11.857142857142858
656987,7.411764705882353
657100,0.75
657186,17.5
657473,0.5
657857,7.125
657868,-0.25
658403,22.5
658763,14.0
658879,5.5
658888,2.0
658939,4.0
659018,4.25
659415,7.25
659575,3.0
659737,2.5
659832,5.0
659847,6.0
659865,13.5
660057,0.0
660059,6.0
660160,11.0
660727,5.666666666666667
660773,2.0
660836,6.0
660898,2.3333333333333335
660961,19.5
661017,7.8
661034,4.5
661084,14.75
661584,2.0
661603,11.0
661826,2.3333333333333335
662463,2.0
662624,6.0
662638,8.0
662641,1.0
662762,2.1666666666666665
663171,267.3333333333333
663490,1.6666666666666667
663603,4.0
664118,22.0
664219,2.2222222222222223
664294,28.714285714285715
664372,2.0
664444,3.0
664760,1.3333333333333333
664898,2.3333333333333335
664937,2.3333333333333335
664991,1.75
665061,11.0
665093,0.3333333333333333
665502,0.6666666666666666
665536,1.5
665566,5.5
665652,15.0
665848,0.5
665942,2.5555555555555554
666022,12.6
666148,9.0
666216,11.666666666666666
666417,3.75
666712,8.0
666724,2.0
667016,1.0
667166,3.0
667359,4.75
667500,0.0
667508,41.6
667540,7.166666666666667
667640,9.333333333333334
667760,2.0
668226,14.0
668240,1.0
668257,1.0
668350,1.0
668359,3.5
668591,1.3333333333333333
668971,2.0
669043,3.0
669152,3.0
669770,3.0
669903,1.0
669932,8.0
670084,0.0
670269,5.0
670398,8.5
670442,14.5
670764,5.0
671323,4.428571428571429
671340,1.0
671363,2.6666666666666665
671369,11.0
671403,13.833333333333334
671503,3.6666666666666665
671542,0.0
671572,4.714285714285714
671741,2.0
672172,39.625
672182,8.5
672366,10.0
672781,9.5
673174,36.0
673288,3.5
673434,2.5
673605,2.0
673725,0.75
673844,13.0
673867,3.3333333333333335
673936,1.5
673970,1.0
674030,1.0
674067,3.3333333333333335
674229,4.0
674304,91.0
674494,0.0
674509,11.333333333333334
674519,40.666666666666664
674600,2.2
674690,6.0
674739,2.5
674764,33.4
675077,2.0
675130,1.0
675140,3.0
675161,2.9411764705882355
675370,4.5
675754,2.0
676172,20.0
676198,2.0
676253,8.0
676460,1.0
676485,5.5
676713,2.6666666666666665
676826,2.5
677028,2.0
677172,4.5
677219,1.5
677252,45.0
677255,5.5
677395,1.0
677476,2.0
677577,8.0
677590,1.0
677641,5.0
677656,5.25
677793,2.25
677811,2.4
677846,1.0
677931,8.0
677962,0.25
677978,5.0
678236,191.66666666666666
678308,3.0
678409,1.0
678410,10.25
678525,2.0
678927,12.666666666666666
679162,1.0
679302,2.5
679670,7.0
679731,13.5
679806,4.333333333333333
679966,1.0
680032,3.142857142857143
680207,2.25
680305,42.0
680336,3.0
680826,2.25
680941,9.625
681123,8.666666666666666
681310,2.1666666666666665
681497,13.0
681565,3.0
681649,6.666666666666667
681853,1.5
681953,80.33333333333333
682185,12.0
682446,8.0
682504,156.5
682675,9.0
682692,4.0
682799,2.5
682822,4.0
682923,23.0
682951,0.0
683278,1.0
683462,8.833333333333334
683493,1.3333333333333333
683494,6.666666666666667
683542,5.285714285714286
684109,5.0
684117,0.5
684171,50.0
684371,3.0
685046,6.5
685224,8.0
685253,0.0
685351,0.0
685424,5.0
685488,4.0
685533,4.0
685589,1.5
685671,4.571428571428571
685713,3.0
685732,6.5
685758,5.0
685869,11.0
685874,1.0
686147,1.0
686296,5.0
686690,1.0
686715,5.0
686717,20.0
686798,2.0
686899,7.0
687177,5.333333333333333
687239,12.5
687295,6.0
687487,3.0
687703,3.3333333333333335
687863,4.5
688245,-17.0
688302,5.666666666666667
688461,0.75
688740,9.333333333333334
688766,-1.5
689339,2.0
689384,1.0
689560,1.0
689831,3.0
690108,3.4
690171,12.0
690221,4.2
690527,1.75
690622,58.666666666666664
690723,5.0
690856,3.0
691045,10.333333333333334
691148,11.11111111111111
691217,4.0
691267,8.333333333333334
691288,1.0
691345,8.0
691740,7.5
692040,6.2
692259,0.0
692294,1.5
692506,1.6666666666666667
693070,6.25
693459,2.3333333333333335
693630,3.6666666666666665
693752,2.0
693826,4.0
694000,7.0
694002,2.125
694192,1.0
694296,3.0
694366,4.5
694475,1.0
694768,2.0
694775,5.0
695040,3.5
695370,21.333333333333332
695501,0.0
695505,1.3333333333333333
695679,7.333333333333333
695703,2.0
695794,15.5
696047,14.5
696345,3.5
696792,1.8
696874,2.111111111111111
697134,7.0
697142,1.0
697281,4.0
697320,26.666666666666668
697594,1.0
697741,0.6666666666666666
697749,0.0
697776,2.6666666666666665
697866,6.285714285714286
697902,5.0
697945,2.0
698223,41.0
698549,0.0
698707,6.5
699177,12.714285714285714
699238,3.0
699285,2.4
699325,55.666666666666664
699390,13.75
699462,18.666666666666668
699468,40.0
699510,4.5
699526,7.0
699550,3.0
699570,2.0
699649,2.5
699866,118.25
700016,2.6
700073,1.0
700350,2.0
700375,26.0
700480,0.0
700607,3.0
700873,9.5
700905,1.5
701088,4.0
701264,4.0
701402,6.5
701466,11.5
701704,20.0
701789,1.5
701802,42.4
702150,1.0
702179,10.454545454545455
702337,10.0
702342,19.0
702395,5.0
702407,4.0
702493,0.0
702637,1.0
702760,5.666666666666667
702780,1.0
702861,6.5
702986,36.0
703185,16.0
703262,3.25
703520,4.25
703717,9.5
703907,16.0
703925,0.0
704130,8.666666666666666
704152,82.75
704203,1.1428571428571428
704526,4.0
704777,2.5
704834,3.75
704856,2.6666666666666665
704945,2.75
705296,1.0
705370,1.5
705434,2.5
705811,0.125
705855,3.0
706101,9.0
706405,1.5
706443,4.5
706453,4.0
706595,43.0
706721,14.0
706755,7.333333333333333
706813,3.4
706989,22.0
707022,17.0
707023,3.0
707090,3.5
707127,8.833333333333334
707242,5.8
707380,40.0
707491,3.0
707674,22.444444444444443
707841,2.0
707879,4.5
707999,4.0
708531,0.75
708649,20.666666666666668
708762,4.5
708799,1.5
709036,8.625
709084,4.75
709385,8.25
709388,5.333333333333333
709397,7.0
709490,11.0
709868,3.6666666666666665
709937,1.8333333333333333
710100,6.5
710262,6.0
710278,4.0
710551,41.166666666666664
710609,5.0
711002,1.0
711066,2.0
711376,8.0
711637,3.0
711884,37.0
712020,3.0
712082,1.5
712113,0.0
712124,0.7142857142857143
712225,3.6666666666666665
712322,2.0
712460,2.4
712510,2.0
712791,79.75
713138,108.0
713522,0.0
713675,1.0
713794,39.333333333333336
713938,7.0
714063,199.5
714360,1.6666666666666667
714367,6.0
714475,6.25
714879,1.5
714881,79.5
715125,1.0
715234,3.0
715277,11.0
715304,2.0
715417,173.0
715538,3.5
715550,5.0
715791,0.5
715889,1.0
715950,1.0
716006,3.5
716011,9.4
716259,4.5
716278,6.25
716386,2.5
716524,2.3333333333333335
716795,0.75
716946,2.3333333333333335
717120,0.6666666666666666
717148,72.5
717506,8.75
717687,2.0
717700,4.0
717776,1.0
717831,5.5
717911,0.0
718040,29.0
718498,2.0
718546,0.3333333333333333
718553,1.0
718769,5.0
719127,20.0
719194,16.75
719503,2.0
719705,30.75
719710,3.0
719744,8.0
719771,4.0
719886,1.3333333333333333
720083,4.5
720113,20.0
720329,4.0
720621,9.0
720800,4.0
720867,13.0
720927,4.25
721035,13.0
721436,10.0
722046,4.0
722298,2.0
722325,7.5
722605,1.0
722640,2.5
722697,7.4
722728,1.0
722739,2.5
722741,3.0
723293,2.5
723424,2.5
723635,8.0
723652,3.3333333333333335
723719,2.0
723757,1.4
723856,1.0
723984,0.5
724212,1.0
724580,1.0
724664,0.0
724856,11.0
724924,2.0
725364,5.5
725756,1.5
725777,3.0
725782,42.833333333333336
726449,1.5
727410,16.5
727507,22.0
727761,17.5
727791,2.0
727917,1.3333333333333333
728118,1.0
728164,7.5
728193,1.0
728296,0.5
728356,2.5
728361,36.0
728543,7.8
728589,2.5
728891,26.0
729130,1.2
729248,6.5
729354,5.0
729583,15.333333333333334
729759,9.0
730105,2.0
730207,12.0
730299,11.0
730319,1.0
730394,6.0
730573,9.5
730645,4.5
730764,244.0
730952,1.0
731016,2.0
731057,1.6666666666666667
731470,1.6666666666666667
731534,2.25
731759,0.0
731887,1.6666666666666667
731993,8.375
732190,16.0
732192,0.0
732222,2.5
732405,1.0
732429,2.6666666666666665
732465,2.5
732829,3.0
732952,31.0
733454,52.285714285714285
733574,8.5
733916,0.5
734255,10.666666666666666
734413,0.3333333333333333
734893,4.5
734970,2.6666666666666665
735337,2.0
735545,17.0
735743,3.3333333333333335
735878,11.0
735975,431.0
736043,27.75
736335,7.0
736413,5.0
736651,3.0
736813,7.75
737303,4.0
737383,2.0
737511,1.0
737512,2.0
737826,1.0
737947,1.6666666666666667
738301,7.0
738467,20.0
739090,1.0
739191,0.14285714285714285
739241,18.666666666666668
739260,27.0
739288,1.0
739289,11.0
739311,1.0
739314,2.6666666666666665
739325,3.6
739490,13.0
739625,7.666666666666667
739651,2.0
739654,642.0
739687,3.0
739882,9.0
739993,311.5
740287,36.57142857142857
740630,2.0
740717,0.6666666666666666
740820,11.333333333333334
740844,2.0
740929,4.0
741270,4.5
741877,70.0
741950,16.0
742371,11.25
742376,4.0
742496,3.0
742546,3.0
742708,2.1666666666666665
742776,5.0
742882,9.5
742974,3.0
743044,2.0
743164,98.6
743248,3.0
743374,2.5
743806,77.66666666666667
744127,1.3333333333333333
744256,3.625
744308,4.0
744325,4.5
744373,101.0
744424,4.2
744532,1.5
744626,7.428571428571429
744828,1.0
744885,6.0
744894,1.5
744921,6.0
745538,15.0
745743,22.333333333333332
746602,0.6666666666666666
746774,1.6666666666666667
746942,1.5
747781,4.0
747793,6.0
748028,9.5
748130,6.0
748324,32.0
748453,8.0
748491,87.0
748675,17.333333333333332
748872,11.0
748881,5.0
748952,2.0
749000,12.0
749049,0.8
749070,9.4
749170,1.0
749342,11.0
749359,0.8
749625,6.5
749682,25.0
749796,24.0
749937,1.25
750093,1.5
750136,14.0
750267,10.75
750702,1.0
750872,3.6
750908,5.0
750984,2.25
751055,3.25
751339,2.75
751455,1.0
751457,5.0
751557,4.0
752308,24.666666666666668
752349,2.5
752373,18.25
752482,1.0
752602,11.0
752998,6.8
753052,2.0
753190,12.333333333333334
753537,6.0
753640,30.25
753687,2.6666666666666665
753749,1.0
753986,9.5
754170,8.5
754187,7.0
754421,10.0
754468,6.5
754481,1.5
755070,14.0
755332,2.6666666666666665
755694,4.5
755777,2.5
755857,50.5
756055,31.25
756180,7.666666666666667
756223,1.75
756529,0.0
756550,14.25
756630,2.0
756662,10.5
756898,5.5
757020,2.0
757022,5.0
757244,3.0
757476,3.5
757532,3.0
757809,3.5
757816,1.5
757949,2.3333333333333335
758187,5.0
758188,11.666666666666666
758243,4.0
758256,18.0
758465,1.4
758466,1.0
758792,6.5
758819,1.0
758980,3.0
759271,3.0
759443,2.0
759577,0.25
759627,11.333333333333334
759729,2.0
759740,5.75
759771,0.3333333333333333
759797,1.0
759850,1.0
759892,6.0
759906,2.0
760039,7.0
760310,0.5
760383,2.6666666666666665
760647,1.5
760688,3.0
760753,11.142857142857142
760937,4.0
760978,10.0
761286,4.0
761361,30.0
761430,14.0
761519,45.0
761586,33.0
761652,5.0
761698,46.5
761804,327.6666666666667
761820,1.5
761824,13.0
762111,2.142857142857143
762118,8.0
762165,0.0
762292,13.0
762448,0.6
762482,2.0
762750,2.0
762764,0.6666666666666666
763087,7.0
763103,1.5
763372,3.0
763480,5.0
763485,1.0
763654,3.6666666666666665
763944,10.0
763971,12.0
764081,4.0
764177,2.0
764184,22.0
764235,33.0
764312,1.6666666666666667
764360,18.4
764412,5.857142857142857
764631,33.5
764710,10.25
764778,2.6666666666666665
765048,1.5
765066,2.5
765129,29.0
765305,11.0
765736,29.0
765773,3.0
765797,32.75
765964,6.0
766141,9.75
766335,18.875
766372,19.666666666666668
766546,0.3333333333333333
766601,4.0
766733,4.0
767212,2.4
767241,4.0
767377,9.0
767519,2.8
767531,1.6
767684,4.5
767881,1.6
767912,6.666666666666667
767920,4.0
768175,4.222222222222222
768250,2.5
768312,19.0
768474,3.0
768504,4.0
768634,36.666666666666664
768677,4.6
768941,1.4
769175,2.0
769534,3.6
769775,1.3333333333333333
769793,7.0
769843,26.333333333333332
769948,0.0
770049,4.0
770134,8.0
770320,4.0
770385,1.0
770427,3.5
770657,6.333333333333333
770845,8.0
770854,4.0
770904,1.5
770925,0.6666666666666666
771247,2.5
771312,2.2
771341,2.0
771399,0.75
771738,0.0
771816,1.0
771907,1.0
771988,4.0
771992,5.0
772112,7.0
772124,92.33333333333333
772240,10.0
772518,2.0
772814,3.0
773030,4.0
773797,3.0
773814,48.0
773869,4.5
774039,3.0
774245,1.0
774316,2.0
774502,4.0
774784,11.25
774824,16.0
774876,3.4285714285714284
775049,314.0
775161,3.0
775231,4.75
775296,66.0
775351,4.0
775365,1.0
775396,3.0
775482,2.0
775490,1.6666666666666667
775528,2.0
775580,2.0
775674,3.0
775880,1.5
776060,9.0
776110,0.0
776120,4.0
776324,1.0
776388,0.75
776495,2.0
777090,1.6666666666666667
777371,6.0
777458,7.0
777525,2.2
777778,2.0
777924,1.0
777996,1.8
778083,1.0
778093,1.0
778096,3.5
778202,6.0
778382,25.0
778468,2.4
778660,0.0
778965,2.0
778969,5.0
779495,11.5
779675,6.333333333333333
